Date;SP_Bitcoin_Index
01.01.14;100
02.01.14;104,67
03.01.14;106,54
06.01.14;124,6
07.01.14;111,36
08.01.14;108,65
09.01.14;109,03
10.01.14;110,93
13.01.14;108,29
14.01.14;109,72
15.01.14;111,87
16.01.14;109,41
17.01.14;104,05
20.01.14;111,2
21.01.14;108,95
22.01.14;108,93
23.01.14;108,63
24.01.14;104,73
27.01.14;102,67
28.01.14;105,71
29.01.14;106
30.01.14;107,15
31.01.14;106,85
03.02.14;107,6
04.02.14;107,43
05.02.14;106,17
06.02.14;103,2
07.02.14;95,19
10.02.14;88,57
11.02.14;84,68
12.02.14;88,42
13.02.14;82,16
14.02.14;88
17.02.14;84,79
18.02.14;82,8
19.02.14;84,68
20.02.14;76,93
21.02.14;76,27
24.02.14;72,93
25.02.14;68,67
26.02.14;76
27.02.14;78,13
28.02.14;75,33
03.03.14;88,67
04.03.14;89,52
05.03.14;89,07
06.03.14;87,73
07.03.14;84,16
10.03.14;82,04
11.03.14;83,22
12.03.14;85,81
13.03.14;86,38
14.03.14;84
17.03.14;83,28
18.03.14;82,38
19.03.14;81,59
20.03.14;79,1
21.03.14;77,33
24.03.14;75,87
25.03.14;78
26.03.14;77,64
27.03.14;69,3
28.03.14;65,02
31.03.14;60,67
01.04.14;63,61
02.04.14;58,22
03.04.14;59,73
04.04.14;59,73
07.04.14;59,96
08.04.14;60,66
09.04.14;59,33
10.04.14;52,46
11.04.14;55,73
14.04.14;61,31
15.04.14;66,25
16.04.14;68,36
17.04.14;66,51
18.04.14;64,67
21.04.14;66,27
22.04.14;66,08
23.04.14;64,86
24.04.14;65,83
25.04.14;61,52
28.04.14;59,33
29.04.14;58,67
30.04.14;59,6
01.05.14;61,03
02.05.14;60,05
05.05.14;57,07
06.05.14;57,15
07.05.14;59,73
08.05.14;59,13
09.05.14;59,92
12.05.14;58,67
13.05.14;58,36
14.05.14;59,53
15.05.14;59,59
16.05.14;60
19.05.14;59,73
20.05.14;65,31
21.05.14;66,19
22.05.14;69,63
23.05.14;70,47
26.05.14;77,88
27.05.14;77,85
28.05.14;76,3
29.05.14;76,07
30.05.14;81,99
02.06.14;85,61
03.06.14;89,08
04.06.14;85,63
05.06.14;87,73
06.06.14;87,45
09.06.14;87,31
10.06.14;87,83
11.06.14;86,01
12.06.14;81,6
13.06.14;80
16.06.14;79,93
17.06.14;80,61
18.06.14;80,99
19.06.14;80,66
20.06.14;79,1
23.06.14;78,44
24.06.14;78,67
25.06.14;75,93
26.06.14;76,4
27.06.14;78,37
30.06.14;85,6
01.07.14;88,27
02.07.14;87,56
03.07.14;85,43
04.07.14;84,64
07.07.14;83,63
08.07.14;83,24
09.07.14;84,07
10.07.14;82,53
11.07.14;84,5
14.07.14;83,27
15.07.14;82,92
16.07.14;82,4
17.07.14;83,33
18.07.14;83,47
21.07.14;82,5
22.07.14;82,84
23.07.14;82,37
24.07.14;79,93
25.07.14;80,03
28.07.14;78,27
29.07.14;77,63
30.07.14;75,79
31.07.14;78,09
01.08.14;79,76
04.08.14;78,28
05.08.14;77,44
06.08.14;77,48
07.08.14;78,81
08.08.14;78,83
11.08.14;76,72
12.08.14;75,97
13.08.14;72,64
14.08.14;68,33
15.08.14;66,08
18.08.14;61,51
19.08.14;65,33
20.08.14;69,05
21.08.14;69,64
22.08.14;68,47
25.08.14;66,93
26.08.14;67,89
27.08.14;68,4
28.08.14;67,99
29.08.14;67,74
01.09.14;64,15
02.09.14;63,52
03.09.14;63,31
04.09.14;65,08
05.09.14;64,25
08.09.14;62,96
09.09.14;62,92
10.09.14;64,33
11.09.14;63,26
12.09.14;63,17
15.09.14;63,47
16.09.14;62,4
17.09.14;60,4
18.09.14;56,27
19.09.14;52,93
22.09.14;53,99
23.09.14;57,87
24.09.14;57,26
25.09.14;54,7
26.09.14;53,98
29.09.14;50
30.09.14;52,58
01.10.14;50,99
02.10.14;50,13
03.10.14;48,29
06.10.14;44,15
07.10.14;43,73
08.10.14;46,08
09.10.14;49,94
10.10.14;47,57
13.10.14;51,11
14.10.14;54,25
15.10.14;52,2
16.10.14;49,83
17.10.14;50,69
20.10.14;50,81
21.10.14;51,44
22.10.14;50,8
23.10.14;48,37
24.10.14;47,6
27.10.14;47,41
28.10.14;47,05
29.10.14;45,16
30.10.14;46,34
31.10.14;45,23
03.11.14;43,59
04.11.14;43,63
05.11.14;45,43
06.11.14;46,99
07.11.14;45,64
10.11.14;49,41
11.11.14;48,77
12.11.14;56,61
13.11.14;54,31
14.11.14;52,6
17.11.14;51,06
18.11.14;50,18
19.11.14;50
20.11.14;47,99
21.11.14;47,02
24.11.14;52,01
25.11.14;50,67
26.11.14;49,13
27.11.14;49,27
28.11.14;50,82
01.12.14;50,8
02.12.14;51,09
03.12.14;50,53
04.12.14;49,82
05.12.14;50,8
08.12.14;49,01
09.12.14;47,21
10.12.14;46,3
11.12.14;46,55
12.12.14;47,17
15.12.14;46,27
16.12.14;43,99
17.12.14;42,51
18.12.14;41,92
19.12.14;41,89
22.12.14;44,39
23.12.14;44,99
24.12.14;43,03
25.12.14;42,33
26.12.14;43,69
29.12.14;41,95
30.12.14;41,33
31.12.14;42,38
01.01.15;42,15
02.01.15;42,08
05.01.15;36,05
06.01.15;38,19
07.01.15;39,73
08.01.15;39,13
09.01.15;39,12
12.01.15;36,01
13.01.15;31,62
14.01.15;24,77
15.01.15;27,35
16.01.15;27,76
19.01.15;28,49
20.01.15;28,4
21.01.15;29,25
22.01.15;30,95
23.01.15;31,26
26.01.15;35,9
27.01.15;34,95
28.01.15;31,78
29.01.15;31,66
30.01.15;30,67
02.02.15;30,33
03.02.15;30,51
04.02.15;30,42
05.02.15;29,03
06.02.15;29,87
09.02.15;29,48
10.02.15;29,47
11.02.15;29,27
12.02.15;29,67
13.02.15;31,68
16.02.15;31,73
17.02.15;32,05
18.02.15;31,27
19.02.15;32,11
20.02.15;32,43
23.02.15;31,93
24.02.15;31,94
25.02.15;31,79
26.02.15;31,6
27.02.15;34,21
02.03.15;36,67
03.03.15;38
04.03.15;36,09
05.03.15;35,93
06.03.15;36,58
09.03.15;39,11
10.03.15;39,53
11.03.15;39,65
12.03.15;39,63
13.03.15;38,38
16.03.15;38,75
17.03.15;38,41
18.03.15;35,57
19.03.15;33,83
20.03.15;35,08
23.03.15;35,15
24.03.15;32,99
25.03.15;32,4
26.03.15;33,76
27.03.15;33,08
30.03.15;33,23
31.03.15;32,49
01.04.15;32,77
02.04.15;33,82
03.04.15;33,88
06.04.15;33,99
07.04.15;34,1
08.04.15;32,41
09.04.15;32,35
10.04.15;31,38
13.04.15;30,06
14.04.15;29,07
15.04.15;29,33
16.04.15;30,55
17.04.15;29,83
20.04.15;29,91
21.04.15;30,24
22.04.15;31,64
23.04.15;31,33
24.04.15;30,88
27.04.15;29,5
28.04.15;29,99
29.04.15;30,18
30.04.15;31,6
01.05.15;31,27
04.05.15;31,76
05.05.15;31,28
06.05.15;31,36
07.05.15;31,58
08.05.15;32,76
11.05.15;32,41
12.05.15;32,35
13.05.15;32,55
14.05.15;31,6
15.05.15;31,67
18.05.15;31,39
19.05.15;31,06
20.05.15;31,17
21.05.15;31,4
22.05.15;32,06
25.05.15;31,55
26.05.15;31,7
27.05.15;31,47
28.05.15;31,59
29.05.15;31,56
01.06.15;29,59
02.06.15;29,97
03.06.15;30,23
04.06.15;29,92
05.06.15;30,05
08.06.15;30,67
09.06.15;30,65
10.06.15;30,45
11.06.15;30,58
12.06.15;30,73
15.06.15;31,64
16.06.15;32,99
17.06.15;33,62
18.06.15;33,35
19.06.15;32,83
22.06.15;32,83
23.06.15;32,61
24.06.15;32,17
25.06.15;32,24
26.06.15;32,21
29.06.15;34,05
30.06.15;34,91
01.07.15;34,54
02.07.15;33,99
03.07.15;33,97
06.07.15;36,5
07.07.15;35,62
08.07.15;35,93
09.07.15;35,92
10.07.15;39,17
13.07.15;38,55
14.07.15;38,62
15.07.15;38,83
16.07.15;36,9
17.07.15;37,31
20.07.15;37,2
21.07.15;37,32
22.07.15;36,8
23.07.15;36,93
24.07.15;38,58
27.07.15;39,53
28.07.15;39,44
29.07.15;38,84
30.07.15;38,27
31.07.15;38,05
03.08.15;38
04.08.15;38,05
05.08.15;37,73
06.08.15;37,28
07.08.15;37,31
10.08.15;35,27
11.08.15;35,55
12.08.15;35,87
13.08.15;35,4
14.08.15;35,69
17.08.15;34,58
18.08.15;33,77
19.08.15;31,01
20.08.15;31,47
21.08.15;31,04
24.08.15;28,83
25.08.15;29,9
26.08.15;30,32
27.08.15;30,3
28.08.15;31,29
31.08.15;30,9
01.09.15;30,37
02.09.15;30,6
03.09.15;30,32
04.09.15;30,85
07.09.15;32,1
08.09.15;32,61
09.09.15;32,09
10.09.15;31,97
11.09.15;32,09
14.09.15;30,97
15.09.15;30,7
16.09.15;30,43
17.09.15;31,18
18.09.15;31,23
21.09.15;30,46
22.09.15;30,85
23.09.15;30,87
24.09.15;31,45
25.09.15;31,48
28.09.15;31,88
29.09.15;31,73
30.09.15;31,67
01.10.15;31,87
02.10.15;31,69
05.10.15;31,98
06.10.15;32,99
07.10.15;32,73
08.10.15;32,59
09.10.15;32,58
12.10.15;32,91
13.10.15;33,43
14.10.15;33,93
15.10.15;34,03
16.10.15;35,44
19.10.15;35,27
20.10.15;36,24
21.10.15;35,92
22.10.15;36,59
23.10.15;37,14
26.10.15;37,89
27.10.15;39,51
28.10.15;40,04
29.10.15;41,87
30.10.15;43,44
02.11.15;47,17
03.11.15;53,67
04.11.15;62,51
05.11.15;54,29
06.11.15;49,61
09.11.15;50,77
10.11.15;47,03
11.11.15;41,72
12.11.15;43,71
13.11.15;44,38
16.11.15;43,9
17.11.15;44,77
18.11.15;44,72
19.11.15;43,88
20.11.15;42,95
23.11.15;43,22
24.11.15;42,67
25.11.15;44,07
26.11.15;46,5
27.11.15;47,73
30.11.15;50,31
01.12.15;48,4
02.12.15;48,04
03.12.15;48,29
04.12.15;48,21
07.12.15;52,24
08.12.15;53,05
09.12.15;55,27
10.12.15;55,37
11.12.15;60,47
14.12.15;59,2
15.12.15;61,34
16.12.15;60,8
17.12.15;60,59
18.12.15;61,73
21.12.15;57,92
22.12.15;58,21
23.12.15;59,29
24.12.15;60,46
25.12.15;60,65
28.12.15;55,85
29.12.15;56,95
30.12.15;56,73
31.12.15;57,47
01.01.16;57,77
04.01.16;57,83
05.01.16;57,65
06.01.16;57,38
07.01.16;60,71
08.01.16;60,4
11.01.16;59,81
12.01.16;59,58
13.01.16;56,88
14.01.16;57,5
15.01.16;52,48
18.01.16;51,55
19.01.16;50,69
20.01.16;54,53
21.01.16;54,18
22.01.16;50,51
25.01.16;52,3
26.01.16;52,38
27.01.16;52,74
28.01.16;50,99
29.01.16;50,14
01.02.16;49,25
02.02.16;49,73
03.02.16;49,2
04.02.16;52,26
05.02.16;51,65
08.02.16;49,31
09.02.16;49,78
10.02.16;50,74
11.02.16;49,89
12.02.16;50,87
15.02.16;52,93
16.02.16;54,13
17.02.16;56,03
18.02.16;56,12
19.02.16;55,86
22.02.16;58,88
23.02.16;56,22
24.02.16;56,6
25.02.16;56,64
26.02.16;56,71
29.02.16;58,31
01.03.16;57,64
02.03.16;57,1
03.03.16;55,89
04.03.16;55,19
07.03.16;54,93
08.03.16;54,76
09.03.16;54,9
10.03.16;55,5
11.03.16;55,9
14.03.16;55,22
15.03.16;55,4
16.03.16;55,55
17.03.16;55,95
18.03.16;53,94
21.03.16;54,84
22.03.16;55,63
23.03.16;55,85
24.03.16;55,4
25.03.16;55,47
28.03.16;56,46
29.03.16;55,31
30.03.16;55,17
31.03.16;55,62
01.04.16;55,57
04.04.16;56,11
05.04.16;56,3
06.04.16;56,39
07.04.16;56,26
08.04.16;55,79
11.04.16;56,49
12.04.16;56,77
13.04.16;56,63
14.04.16;56,77
15.04.16;57,51
18.04.16;57,26
19.04.16;57,48
20.04.16;59,11
21.04.16;60,21
22.04.16;60,01
25.04.16;62,01
26.04.16;62,63
27.04.16;60,62
28.04.16;59,88
29.04.16;60,72
02.05.16;58,78
03.05.16;60,06
04.05.16;59,57
05.05.16;59,88
06.05.16;61
09.05.16;61,68
10.05.16;60,43
11.05.16;60,4
12.05.16;60,19
13.05.16;60,81
16.05.16;60,45
17.05.16;60,48
18.05.16;60,77
19.05.16;58,84
20.05.16;58,74
23.05.16;58,97
24.05.16;59,53
25.05.16;59,76
26.05.16;60,4
27.05.16;63,03
30.05.16;72,25
31.05.16;69,79
01.06.16;71,3
02.06.16;71,25
03.06.16;76,19
06.06.16;77,87
07.06.16;76,25
08.06.16;77,53
09.06.16;76,93
10.06.16;77,25
13.06.16;92,3
14.06.16;91,21
15.06.16;92,51
16.06.16;102,38
17.06.16;100,8
20.06.16;97,75
21.06.16;88,06
22.06.16;83,6
23.06.16;81,08
24.06.16;88,34
27.06.16;86,16
28.06.16;86,1
29.06.16;85,44
30.06.16;89,37
01.07.16;90,13
04.07.16;89,72
05.07.16;89,13
06.07.16;90
07.07.16;82,97
08.07.16;87,22
11.07.16;86,39
12.07.16;89,61
13.07.16;88
14.07.16;88,22
15.07.16;88,66
18.07.16;89,51
19.07.16;89,33
20.07.16;88,55
21.07.16;88,79
22.07.16;87,5
25.07.16;87,38
26.07.16;87,44
27.07.16;87,68
28.07.16;87,51
29.07.16;87,98
01.08.16;82,12
02.08.16;75,58
03.08.16;76,28
04.08.16;75,3
05.08.16;76,97
08.08.16;79,29
09.08.16;78,27
10.08.16;79,63
11.08.16;79,09
12.08.16;78
15.08.16;75,43
16.08.16;77
17.08.16;76,16
18.08.16;76,46
19.08.16;76,64
22.08.16;78,31
23.08.16;77,87
24.08.16;77,39
25.08.16;76,87
26.08.16;77,04
29.08.16;76,64
30.08.16;77,02
31.08.16;76,68
01.09.16;76,52
02.09.16;76,87
05.09.16;81,04
06.09.16;81,55
07.09.16;81,98
08.09.16;83,53
09.09.16;82,67
12.09.16;80,75
13.09.16;81,16
14.09.16;81,29
15.09.16;80,93
16.09.16;81,01
19.09.16;81,18
20.09.16;81,11
21.09.16;79,42
22.09.16;79,53
23.09.16;80,27
26.09.16;80,82
27.09.16;80,79
28.09.16;80,66
29.09.16;80,82
30.09.16;80,83
03.10.16;81,62
04.10.16;81,28
05.10.16;81,63
06.10.16;81,64
07.10.16;82,13
10.10.16;82,31
11.10.16;85,37
12.10.16;85,21
13.10.16;84,75
14.10.16;85,09
17.10.16;85,15
18.10.16;84,53
19.10.16;83,7
20.10.16;83,71
21.10.16;84
24.10.16;86,56
25.10.16;87,23
26.10.16;89,89
27.10.16;90,93
28.10.16;91,75
31.10.16;93,78
01.11.16;97,11
02.11.16;97,01
03.11.16;93,98
04.11.16;93,12
07.11.16;94,22
08.11.16;94,83
09.11.16;96,27
10.11.16;94,35
11.11.16;95,26
14.11.16;94,33
15.11.16;95,27
16.11.16;98,13
17.11.16;98,8
18.11.16;99,18
21.11.16;98,2
22.11.16;99,69
23.11.16;98,92
24.11.16;98,36
25.11.16;98,35
28.11.16;97,57
29.11.16;97,89
30.11.16;99,33
01.12.16;100,36
02.12.16;102,49
05.12.16;100,3
06.12.16;100,82
07.12.16;102,77
08.12.16;102,51
09.12.16;102,65
12.12.16;103,55
13.12.16;103,86
14.12.16;103,5
15.12.16;103,87
16.12.16;104,53
19.12.16;105,35
20.12.16;105,85
21.12.16;109,67
22.12.16;114,4
23.12.16;119,4
26.12.16;120,91
27.12.16;125,03
28.12.16;129,73
29.12.16;128,74
30.12.16;128
02.01.17;135,18
03.01.17;136,82
04.01.17;145,3
05.01.17;129,35
06.01.17;118,21
09.01.17;119,87
10.01.17;120,89
11.01.17;105,6
12.01.17;109,97
13.01.17;110,27
16.01.17;111,17
17.01.17;120
18.01.17;117,07
19.01.17;120,06
20.01.17;120,07
23.01.17;122,9
24.01.17;120,11
25.01.17;119,56
26.01.17;122,17
27.01.17;122,93
30.01.17;123,01
31.01.17;127,51
01.02.17;130,6
02.02.17;133,68
03.02.17;135,16
06.02.17;136,53
07.02.17;140,17
08.02.17;140,72
09.02.17;130,46
10.02.17;132,73
13.02.17;133,48
14.02.17;134,45
15.02.17;135,33
16.02.17;138,5
17.02.17;141,25
20.02.17;142,13
21.02.17;149,2
22.02.17;151,84
23.02.17;155,57
24.02.17;156
27.02.17;159,3
28.02.17;158,97
01.03.17;163,28
02.03.17;170,62
03.03.17;170,53
06.03.17;170,72
07.03.17;165,78
08.03.17;155,15
09.03.17;160,8
10.03.17;172
13.03.17;165,29
14.03.17;166,88
15.03.17;166,72
16.03.17;157,2
17.03.17;149,64
20.03.17;137,98
21.03.17;148
22.03.17;134,73
23.03.17;138,66
24.03.17;130,62
27.03.17;135,67
28.03.17;136,85
29.03.17;138,47
30.03.17;137,53
31.03.17;144,66
03.04.17;153,96
04.04.17;152,66
05.04.17;150,8
06.04.17;157,96
07.04.17;159,76
10.04.17;161,17
11.04.17;163,01
12.04.17;162,13
13.04.17;156,11
14.04.17;157,47
17.04.17;158,96
18.04.17;160,37
19.04.17;160,8
20.04.17;164,34
21.04.17;166,25
24.04.17;167,55
25.04.17;171,33
26.04.17;174,13
27.04.17;178,67
28.04.17;176,04
01.05.17;187,26
02.05.17;193,73
03.05.17;198,98
04.05.17;207,5
05.05.17;207,33
08.05.17;220,13
09.05.17;232,53
10.05.17;236,39
11.05.17;244,71
12.05.17;224,55
15.05.17;229,07
16.05.17;235,76
17.05.17;244,79
18.05.17;250,44
19.05.17;258,53
22.05.17;283,47
23.05.17;293,41
24.05.17;324,46
25.05.17;315,87
26.05.17;306,67
29.05.17;311,46
30.05.17;298,67
31.05.17;305,78
01.06.17;318,4
02.06.17;321,77
05.06.17;353,27
06.06.17;379,9
07.06.17;369,33
08.06.17;367,07
09.06.17;378,54
12.06.17;340,68
13.06.17;362,01
14.06.17;339,63
15.06.17;308,77
16.06.17;332,34
19.06.17;340,14
20.06.17;369,33
21.06.17;353,59
22.06.17;359,18
23.06.17;361,56
26.06.17;309,51
27.06.17;321,89
28.06.17;342,65
29.06.17;341,89
30.06.17;333,21
03.07.17;339,62
04.07.17;342,79
05.07.17;349,84
06.07.17;346,67
07.07.17;336,89
10.07.17;320,61
11.07.17;308,15
12.07.17;319,67
13.07.17;311,47
14.07.17;293,33
17.07.17;283,2
18.07.17;313,73
19.07.17;295,69
20.07.17;353,47
21.07.17;350,17
24.07.17;369,96
25.07.17;331,81
26.07.17;329,75
27.07.17;342,56
28.07.17;366,1
31.07.17;379,5
01.08.17;370,75
02.08.17;359,36
03.08.17;372
04.08.17;376,95
07.08.17;447,16
08.08.17;458,94
09.08.17;444,33
10.08.17;455,81
11.08.17;472,49
14.08.17;564,25
15.08.17;540,33
16.08.17;574,61
17.08.17;574,59
18.08.17;548,67
21.08.17;535,46
22.08.17;549,19
23.08.17;548,1
24.08.17;563,99
25.08.17;574
28.08.17;578,15
29.08.17;611,83
30.08.17;606,67
31.08.17;630,28
01.09.17;649,6
04.09.17;600,83
05.09.17;596
06.09.17;616,17
07.09.17;615,6
08.09.17;559
11.09.17;559,52
12.09.17;555,86
13.09.17;512,96
14.09.17;446,14
15.09.17;495,39
18.09.17;535,89
19.09.17;521,33
20.09.17;527,15
21.09.17;484,67
22.09.17;478,53
25.09.17;523,9
26.09.17;521,87
27.09.17;557,28
28.09.17;553,34
29.09.17;555,78
02.10.17;586,59
03.10.17;569,87
04.10.17;560,06
05.10.17;580,89
06.10.17;579,2
09.10.17;639,33
10.10.17;649,11
11.10.17;644,96
12.10.17;705,85
13.10.17;732,67
16.10.17;762,67
17.10.17;750,42
18.10.17;719,59
19.10.17;751,53
20.10.17;807,47
23.10.17;790,67
24.10.17;757,33
25.10.17;751,77
26.10.17;785,73
27.10.17;766,9
30.10.17;811,47
31.10.17;846,82
01.11.17;882,28
02.11.17;933,13
03.11.17;973,13
06.11.17;947,63
07.11.17;939,87
08.11.17;970
09.11.17;957,7
10.11.17;864
13.11.17;860
14.11.17;892
15.11.17;963,64
16.11.17;1032,66
17.11.17;1024,78
20.11.17;1093,33
21.11.17;1098,23
22.11.17;1093,32
23.11.17;1085,68
24.11.17;1088,52
27.11.17;1283,27
28.11.17;1312,8
29.11.17;1274
30.11.17;1280
01.12.17;1441,07
04.12.17;1533,33
05.12.17;1574,38
06.12.17;1785,35
07.12.17;2084
08.12.17;1998,28
11.12.17;2296
12.12.17;2249,28
13.12.17;2157,2
14.12.17;2184,64
15.12.17;2366,91
18.12.17;2478,25
19.12.17;2342,96
20.12.17;2173,33
21.12.17;1969,48
22.12.17;1914,16
25.12.17;1833,87
26.12.17;2124,36
27.12.17;1990,13
28.12.17;1872
29.12.17;1920,35
01.01.18;1793,48
02.01.18;2018,41
03.01.18;1998,08
04.01.18;1985,18
05.01.18;2219,34
08.01.18;1998,67
09.01.18;1969,06
10.01.18;1929,99
11.01.18;1795,45
12.01.18;1844,1
15.01.18;1832,67
16.01.18;1481,33
17.01.18;1444
18.01.18;1581,3
19.01.18;1520
22.01.18;1387,87
23.01.18;1480,13
24.01.18;1481,83
25.01.18;1500
26.01.18;1462,13
29.01.18;1484,8
30.01.18;1326
31.01.18;1335,87
01.02.18;1209,31
02.02.18;1136,67
05.02.18;955,33
06.02.18;1013,2
07.02.18;1088
08.02.18;1104,82
09.02.18;1143,48
12.02.18;1177,53
13.02.18;1161,33
14.02.18;1237,83
15.02.18;1344,07
16.02.18;1332,14
19.02.18;1494,96
20.02.18;1567,9
21.02.18;1381,88
22.02.18;1345,2
23.02.18;1333,33
26.02.18;1368
27.02.18;1421,33
28.02.18;1418,46
01.03.18;1471,2
02.03.18;1471,85
05.03.18;1543,87
06.03.18;1422,52
07.03.18;1305,73
08.03.18;1252,67
09.03.18;1199,07
12.03.18;1190,8
13.03.18;1208,53
14.03.18;1101,64
15.03.18;1095,73
16.03.18;1139,73
19.03.18;1118,67
20.03.18;1192,4
21.03.18;1184
22.03.18;1147,19
23.03.18;1148
26.03.18;1055,73
27.03.18;1052
28.03.18;1054,13
29.03.18;978,67
30.03.18;904
02.04.18;930,67
03.04.18;995,09
04.04.18;916,02
05.04.18;901,47
06.04.18;882,67
09.04.18;888,96
10.04.18;912,81
11.04.18;921,8
12.04.18;1024,49
13.04.18;1079,47
16.04.18;1063,73
17.04.18;1050,67
18.04.18;1080,23
19.04.18;1099,6
20.04.18;1136,53
23.04.18;1178,78
24.04.18;1260
25.04.18;1201,73
26.04.18;1182,66
27.04.18;1212,16
30.04.18;1241,31
01.05.18;1196,13
02.05.18;1214,98
03.05.18;1282,67
04.05.18;1289,33
07.05.18;1256
08.05.18;1229,12
09.05.18;1236,99
10.05.18;1211,71
11.05.18;1148,21
14.05.18;1166,67
15.05.18;1140
16.05.18;1100,67
17.05.18;1090,17
18.05.18;1098,33
21.05.18;1117,56
22.05.18;1091,33
23.05.18;1012,13
24.05.18;1008
25.05.18;989,33
28.05.18;964
29.05.18;995,64
30.05.18;974,67
31.05.18;1005,31
01.06.18;992
04.06.18;999,15
05.06.18;1015,21
06.06.18;1004
07.06.18;1025,21
08.06.18;1018,38
11.06.18;901,33
12.06.18;866,93
13.06.18;838,35
14.06.18;886,93
15.06.18;873,39
18.06.18;892,92
19.06.18;899,23
20.06.18;899,74
21.06.18;895,17
22.06.18;826,33
25.06.18;834,47
26.06.18;823,85
27.06.18;817,33
28.06.18;811,44
29.06.18;784
02.07.18;882,44
03.07.18;879,33
04.07.18;891,33
05.07.18;868,68
06.07.18;876,28
09.07.18;894,95
10.07.18;850
11.07.18;846,09
12.07.18;823,53
13.07.18;823,81
16.07.18;889,09
17.07.18;974,41
18.07.18;984,99
19.07.18;992,76
20.07.18;979,13
23.07.18;1033,9
24.07.18;1100,73
25.07.18;1088
26.07.18;1100
27.07.18;1095,73
30.07.18;1082,54
31.07.18;1033,04
01.08.18;1009,07
02.08.18;1005,91
03.08.18;984,27
06.08.18;926,37
07.08.18;933,03
08.08.18;844,13
09.08.18;861,8
10.08.18;853,67
13.08.18;831,06
14.08.18;809,43
15.08.18;847,33
16.08.18;854,48
17.08.18;865,45
20.08.18;859,2
21.08.18;857,31
22.08.18;857,8
23.08.18;855,33
24.08.18;882
27.08.18;898,6
28.08.18;946,09
29.08.18;932,23
30.08.18;907,74
31.08.18;938,74
03.09.18;975,12
04.09.18;979,66
05.09.18;920,67
06.09.18;859,91
07.09.18;856,67
10.09.18;838,51
11.09.18;833,71
12.09.18;840
13.09.18;859,47
14.09.18;868,61
17.09.18;835,13
18.09.18;840,7
19.09.18;855,07
20.09.18;855,87
21.09.18;899,78
24.09.18;882,47
25.09.18;848,72
26.09.18;865,33
27.09.18;889,47
28.09.18;889,15
01.10.18;873,59
02.10.18;870,9
03.10.18;857,56
04.10.18;876,32
05.10.18;872,41
08.10.18;884,26
09.10.18;878,07
10.10.18;872
11.10.18;826,27
12.10.18;828,21
15.10.18;850,67
16.10.18;858,7
17.10.18;856,68
18.10.18;852,93
19.10.18;850,93
22.10.18;852,51
23.10.18;853,79
24.10.18;856,18
25.10.18;854,12
26.10.18;853,45
29.10.18;833,2
30.10.18;833,99
31.10.18;840,47
01.11.18;842,67
02.11.18;847,2
05.11.18;852,95
06.11.18;855,81
07.11.18;867,56
08.11.18;855,87
09.11.18;845,61
12.11.18;844,27
13.11.18;838,69
14.11.18;723,6
15.11.18;730
16.11.18;733,48
19.11.18;651,63
20.11.18;567,68
21.11.18;588,4
22.11.18;589,33
23.11.18;562,68
26.11.18;486,67
27.11.18;495,73
28.11.18;575,73
29.11.18;558,67
30.11.18;527,55
03.12.18;510,31
04.12.18;516
05.12.18;498,13
06.12.18;483,25
07.12.18;444,05
10.12.18;452,95
11.12.18;446,1
12.12.18;458,26
13.12.18;431,17
14.12.18;421,95
17.12.18;473,09
18.12.18;468,3
19.12.18;496,93
20.12.18;519,99
21.12.18;505,23
24.12.18;536,77
25.12.18;503,99
26.12.18;501,67
27.12.18;476,71
28.12.18;520,71
31.12.18;490,53
01.01.19;496,8
02.01.19;517,34
03.01.19;506,46
04.01.19;505,36
07.01.19;534,27
08.01.19;534,04
09.01.19;533,96
10.01.19;483,12
11.01.19;487,37
14.01.19;489,24
15.01.19;475,37
16.01.19;479,02
17.01.19;483,61
18.01.19;480,96
21.01.19;471,83
22.01.19;478,39
23.01.19;471,69
24.01.19;476
25.01.19;473,87
28.01.19;455,84
29.01.19;453,33
30.01.19;457,82
31.01.19;456,6
01.02.19;459,73
04.02.19;455,35
05.02.19;456,59
06.02.19;448,4
07.02.19;447,84
08.02.19;483,33
11.02.19;479,42
12.02.19;480,76
13.02.19;475,53
14.02.19;475,37
15.02.19;475,51
18.02.19;515,23
19.02.19;524,17
20.02.19;524,64
21.02.19;518,94
22.02.19;524,21
25.02.19;509,95
26.02.19;505,99
27.02.19;495,7
28.02.19;506,79
01.03.19;510,53
04.03.19;493,99
05.03.19;511,65
06.03.19;512,42
07.03.19;516,13
08.03.19;519,59
11.03.19;512,36
12.03.19;514,13
13.03.19;513,8
14.03.19;513,5
15.03.19;520,86
18.03.19;528,22
19.03.19;532,67
20.03.19;535,17
21.03.19;529,47
22.03.19;532
25.03.19;519,92
26.03.19;522,14
27.03.19;534,13
28.03.19;534,54
29.03.19;543,75
01.04.19;550,98
02.04.19;634,13
03.04.19;686,28
04.04.19;644
05.04.19;668,8
08.04.19;693,33
09.04.19;695,49
10.04.19;721,72
11.04.19;675,24
12.04.19;672,8
15.04.19;667,83
16.04.19;691,86
17.04.19;696,96
18.04.19;704,7
19.04.19;706,54
22.04.19;718,47
23.04.19;745
24.04.19;724,38
25.04.19;731,01
26.04.19;678,41
29.04.19;686,42
30.04.19;697,75
01.05.19;707,2
02.05.19;719,66
03.05.19;756,66
06.05.19;765,25
07.05.19;779,68
08.05.19;784,59
09.05.19;807,76
10.05.19;849,69
13.05.19;1049,07
14.05.19;1037,31
15.05.19;1094,85
16.05.19;1046,97
17.05.19;949,6
20.05.19;1043,98
21.05.19;1071,26
22.05.19;1058,59
23.05.19;1037,33
24.05.19;1074,77
27.05.19;1179,15
28.05.19;1161,12
29.05.19;1160,01
30.05.19;1146,63
31.05.19;1126,67
03.06.19;1143,09
04.06.19;1014
05.06.19;1040,04
06.06.19;1012,46
07.06.19;1058,21
10.06.19;1065,56
11.06.19;1055,2
12.06.19;1088,44
13.06.19;1099,31
14.06.19;1121,81
17.06.19;1242,49
18.06.19;1207,69
19.06.19;1219,46
20.06.19;1273,13
21.06.19;1322,65
24.06.19;1455,21
25.06.19;1515,46
26.06.19;1842,07
27.06.19;1448,16
28.06.19;1648,3
01.07.19;1366,67
02.07.19;1435,31
03.07.19;1504,67
04.07.19;1578
05.07.19;1483,59
08.07.19;1632,01
09.07.19;1663,1
10.07.19;1605,41
11.07.19;1552,15
12.07.19;1552,27
15.07.19;1449,61
16.07.19;1292,67
17.07.19;1298,34
18.07.19;1411,27
19.07.19;1392,6
22.07.19;1348,55
23.07.19;1356,49
24.07.19;1290,2
25.07.19;1310,61
26.07.19;1316,03
29.07.19;1261,77
30.07.19;1283,33
31.07.19;1334,43
01.08.19;1376,21
02.08.19;1395,18
05.08.19;1566,87
06.08.19;1558,67
07.08.19;1573,33
08.08.19;1539,56
09.08.19;1575,02
12.08.19;1522,32
13.08.19;1452,67
14.08.19;1348,01
15.08.19;1344,45
16.08.19;1402
19.08.19;1426,11
20.08.19;1431,07
21.08.19;1348,47
22.08.19;1355,83
23.08.19;1390
26.08.19;1373,07
27.08.19;1352,86
28.08.19;1287,66
29.08.19;1267,81
30.08.19;1279,87
02.09.19;1360
03.09.19;1421,33
04.09.19;1430
05.09.19;1404,79
06.09.19;1381,52
09.09.19;1374,84
10.09.19;1332,1
11.09.19;1343,49
12.09.19;1375,86
13.09.19;1361,43
16.09.19;1349,33
17.09.19;1368,13
18.09.19;1356,67
19.09.19;1362,51
20.09.19;1354,19
23.09.19;1306,67
24.09.19;1142,53
25.09.19;1114,97
26.09.19;1084,24
27.09.19;1067
30.09.19;1104,39
01.10.19;1109,47
02.10.19;1103,33
03.10.19;1088,37
04.10.19;1093,97
07.10.19;1097,87
08.10.19;1089,33
09.10.19;1148,27
10.10.19;1144,03
11.10.19;1111,11
14.10.19;1113,09
15.10.19;1089,19
16.10.19;1061,21
17.10.19;1074,22
18.10.19;1060,53
21.10.19;1093,47
22.10.19;1087,66
23.10.19;998,49
24.10.19;998,39
25.10.19;1150,07
28.10.19;1256
29.10.19;1232,02
30.10.19;1229,81
31.10.19;1233,63
01.11.19;1225,47
04.11.19;1264,69
05.11.19;1247,07
06.11.19;1240,02
07.11.19;1224,9
08.11.19;1174,33
11.11.19;1162
12.11.19;1170,8
13.11.19;1165,62
14.11.19;1153,79
15.11.19;1128,59
18.11.19;1091,61
19.11.19;1081,33
20.11.19;1077,95
21.11.19;1011,84
22.11.19;979,29
25.11.19;953,71
26.11.19;949,9
27.11.19;1008,52
28.11.19;1013,07
29.11.19;1033,09
02.12.19;972,85
03.12.19;975,03
04.12.19;963,63
05.12.19;984,67
06.12.19;991,44
09.12.19;972,04
10.12.19;960,55
11.12.19;955,5
12.12.19;966,66
13.12.19;966,65
16.12.19;913,81
17.12.19;877,85
18.12.19;949,42
19.12.19;953,07
20.12.19;960,98
23.12.19;985,87
24.12.19;961,78
25.12.19;964,77
26.12.19;965,39
27.12.19;961,79
30.12.19;967,02
31.12.19;952,67
01.01.20;961,87
02.01.20;924,03
03.01.20;975,4
06.01.20;1006,67
07.01.20;1090,03
08.01.20;1069,99
09.01.20;1036,4
10.01.20;1076,67
13.01.20;1087,44
14.01.20;1158,68
15.01.20;1175,66
16.01.20;1165,61
17.01.20;1183,04
20.01.20;1154,19
21.01.20;1163,09
22.01.20;1152,64
23.01.20;1112,83
24.01.20;1128,7
27.01.20;1195,57
28.01.20;1206,53
29.01.20;1249,71
30.01.20;1275,23
31.01.20;1240,56
03.02.20;1240,75
04.02.20;1222,36
05.02.20;1290,46
06.02.20;1303,03
07.02.20;1297,14
10.02.20;1313,18
11.02.20;1369,11
12.02.20;1387,06
13.02.20;1361,11
14.02.20;1382,92
17.02.20;1284,12
18.02.20;1358,21
19.02.20;1354,73
20.02.20;1279,33
21.02.20;1294,51
24.02.20;1278,79
25.02.20;1242,94
26.02.20;1173,06
27.02.20;1184,53
28.02.20;1149,33
02.03.20;1185,78
03.03.20;1161,04
04.03.20;1160
05.03.20;1216,41
06.03.20;1216,66
09.03.20;1045,68
10.03.20;1059,37
11.03.20;1046,66
12.03.20;804,84
13.03.20;719,29
16.03.20;668,5
17.03.20;715,33
18.03.20;712,43
19.03.20;831,81
20.03.20;820,67
23.03.20;838,72
24.03.20;896,57
25.03.20;883,48
26.03.20;891,33
27.03.20;888,8
30.03.20;850,22
31.03.20;863,59
01.04.20;827,68
02.04.20;907,08
03.04.20;905,49
06.04.20;972,2
07.04.20;972,03
08.04.20;978,14
09.04.20;967,6
10.04.20;921,07
13.04.20;908,52
14.04.20;924,48
15.04.20;896,83
16.04.20;931,79
17.04.20;943,98
20.04.20;905,04
21.04.20;918,11
22.04.20;946,46
23.04.20;1005,64
24.04.20;1004,8
27.04.20;1028,36
28.04.20;1029,94
29.04.20;1166,62
30.04.20;1177,93
01.05.20;1165,91
04.05.20;1181,43
05.05.20;1190
06.05.20;1233,5
07.05.20;1317,33
08.05.20;1329,43
11.05.20;1165,04
12.05.20;1176,22
13.05.20;1222,18
14.05.20;1286,6
15.05.20;1240,98
18.05.20;1294,99
19.05.20;1285,81
20.05.20;1270,72
21.05.20;1204,96
22.05.20;1221,19
25.05.20;1192,62
26.05.20;1174,45
27.05.20;1221,67
28.05.20;1261,11
29.05.20;1252,52
01.06.20;1277,42
02.06.20;1266,67
03.06.20;1277,35
04.06.20;1309,4
05.06.20;1297,02
08.06.20;1293,08
09.06.20;1298,04
10.06.20;1317,82
11.06.20;1234,54
12.06.20;1257,53
15.06.20;1257,19
16.06.20;1266,23
17.06.20;1244
18.06.20;1250,79
19.06.20;1238,97
22.06.20;1276,67
23.06.20;1285,51
24.06.20;1239,41
25.06.20;1238,67
26.06.20;1224,13
29.06.20;1221,63
30.06.20;1217,58
01.07.20;1232,8
02.07.20;1205,23
03.07.20;1210,67
06.07.20;1238,5
07.07.20;1231,13
08.07.20;1259,16
09.07.20;1228,49
10.07.20;1231,68
13.07.20;1229,21
14.07.20;1236,27
15.07.20;1223,04
16.07.20;1216,1
17.07.20;1222
20.07.20;1220,82
21.07.20;1248,69
22.07.20;1250,79
23.07.20;1279,53
24.07.20;1279,5
27.07.20;1440,63
28.07.20;1468,86
29.07.20;1496,8
30.07.20;1484,38
31.07.20;1512,81
03.08.20;1522,25
04.08.20;1499,77
05.08.20;1554,26
06.08.20;1584,56
07.08.20;1534,66
10.08.20;1581,37
11.08.20;1517,35
12.08.20;1543,72
13.08.20;1537,88
14.08.20;1576,33
17.08.20;1647,24
18.08.20;1600,36
19.08.20;1557,2
20.08.20;1581,22
21.08.20;1556,4
24.08.20;1565,35
25.08.20;1504,84
26.08.20;1528,99
27.08.20;1500
28.08.20;1533,51
31.08.20;1563,64
01.09.20;1596,96
02.09.20;1516,67
03.09.20;1424,82
04.09.20;1413,06
07.09.20;1352,98
08.09.20;1334,36
09.09.20;1370,99
10.09.20;1371,35
11.09.20;1377,37
14.09.20;1421,86
15.09.20;1436,53
16.09.20;1465,28
17.09.20;1456,89
18.09.20;1448,99
21.09.20;1398,67
22.09.20;1399,29
23.09.20;1373,33
24.09.20;1421,17
25.09.20;1430,44
28.09.20;1449,36
29.09.20;1433,04
30.09.20;1426,51
01.10.20;1413,33
02.10.20;1401,77
05.10.20;1431,63
06.10.20;1408
07.10.20;1419,36
08.10.20;1452,04
09.10.20;1473,56
12.10.20;1539,93
13.10.20;1519,29
14.10.20;1513,11
15.10.20;1538,54
16.10.20;1508,67
19.10.20;1560,29
20.10.20;1588,93
21.10.20;1695,02
22.10.20;1747,74
23.10.20;1722,53
26.10.20;1735,77
27.10.20;1822,86
28.10.20;1756,31
29.10.20;1801,42
30.10.20;1807,3
02.11.20;1822,09
03.11.20;1833,51
04.11.20;1874,53
05.11.20;2013,14
06.11.20;2066,89
09.11.20;2051,82
10.11.20;2043,33
11.11.20;2099,06
12.11.20;2156,62
13.11.20;2166,63
16.11.20;2244,55
17.11.20;2361,22
18.11.20;2354,67
19.11.20;2405,13
20.11.20;2484,66
23.11.20;2451,93
24.11.20;2543,01
25.11.20;2519,17
26.11.20;2295,71
27.11.20;2272,91
30.11.20;2587,69
01.12.20;2538,15
02.12.20;2548,57
03.12.20;2585,64
04.12.20;2530,06
07.12.20;2538,5
08.12.20;2492,09
09.12.20;2443,55
10.12.20;2452,07
11.12.20;2398,1
14.12.20;2560,27
15.12.20;2601,91
16.12.20;2778,63
17.12.20;3042,29
18.12.20;3041,71
21.12.20;3047,14
22.12.20;3126,53
23.12.20;3130,04
24.12.20;3133,82
25.12.20;3257,03
28.12.20;3579,24
29.12.20;3597,91
30.12.20;3835,79
31.12.20;3889,81
01.01.21;3906,27
04.01.21;4178,28
05.01.21;4536,99
06.01.21;4827,99
07.01.21;5229,33
08.01.21;5193,22
11.01.21;4469,03
12.01.21;4565,99
13.01.21;4838,32
14.01.21;5247,48
15.01.21;4747,96
18.01.21;4820,19
19.01.21;4860,8
20.01.21;4679,78
21.01.21;4246,91
22.01.21;4482,76
25.01.21;4455,25
26.01.21;4277,95
27.01.21;4235,57
28.01.21;4361,98
29.01.21;4614,99
01.02.21;4526,98
02.02.21;4782,51
03.02.21;4957,82
04.02.21;5019,44
05.02.21;5034,67
08.02.21;5879,67
09.02.21;6290,94
10.02.21;5962
11.02.21;6297,56
12.02.21;6360,06
15.02.21;6491,57
16.02.21;6502,8
17.02.21;6962,27
18.02.21;6947,68
19.02.21;7382,67
22.02.21;7165,82
23.02.21;6399,87
24.02.21;6547,37
25.02.21;6539,89
26.02.21;6177,27
01.03.21;6474,28
02.03.21;6333,47
03.03.21;6730,37
04.03.21;6421,97
05.03.21;6572,74
08.03.21;6912,95
09.03.21;7243,67
10.03.21;7490,53
11.03.21;7678,8
12.03.21;7561,58
15.03.21;7544,33
16.03.21;7428,66
17.03.21;7736,09
18.03.21;7609,6
19.03.21;7860
22.03.21;7388,37
23.03.21;7328,67
24.03.21;7269,37
25.03.21;6976,7
26.03.21;7184,03
29.03.21;7695,41
30.03.21;7870,3
31.03.21;7792,64
01.04.21;7858,22
02.04.21;7845,98
05.04.21;7876,38
06.04.21;7776,06
07.04.21;7470,14
08.04.21;7698,4
09.04.21;7785,87
12.04.21;8006,67
13.04.21;8410,06
14.04.21;8273,33
15.04.21;8467,09
16.04.21;8250,23
19.04.21;7462,67
20.04.21;7558,44
21.04.21;7398,84
22.04.21;7055,28
23.04.21;6796
26.04.21;7213,45
27.04.21;7312,21
28.04.21;7398,95
29.04.21;7052,56
30.04.21;7611,16
03.05.21;7678,36
04.05.21;7278,31
05.05.21;7625,55
06.05.21;7490,73
07.05.21;7683,8
10.05.21;7428,33
11.05.21;7562,34
12.05.21;7261,1
13.05.21;6467,75
14.05.21;6688,58
17.05.21;5900,28
18.05.21;5774,49
19.05.21;5258,8
20.05.21;5363,98
21.05.21;4812,57
24.05.21;5285,98
25.05.21;4979,29
26.05.21;5139,33
27.05.21;5176,61
28.05.21;4774,08
31.05.21;4918,29
01.06.21;4797,75
02.06.21;5051,08
03.06.21;5145,37
04.06.21;4909,88
07.06.21;4752,14
08.06.21;4387,31
09.06.21;4840,23
10.06.21;4893,02
11.06.21;4967,59
14.06.21;5295,84
15.06.21;5328,36
16.06.21;5155,83
17.06.21;5027,64
18.06.21;4712,51
21.06.21;4345,33
22.06.21;4322,89
23.06.21;4384,39
24.06.21;4648,42
25.06.21;4298,22
28.06.21;4594,77
29.06.21;4855,96
30.06.21;4635,31
01.07.21;4413,33
02.07.21;4445,63
05.07.21;4550,88
06.07.21;4537,71
07.07.21;4618,44
08.07.21;4401,68
09.07.21;4460,73
12.07.21;4368,13
13.07.21;4306,38
14.07.21;4363,31
15.07.21;4204,35
16.07.21;4253,71
19.07.21;4098,53
20.07.21;3970,53
21.07.21;4217,52
22.07.21;4318,53
23.07.21;4302,38
26.07.21;5301,16
27.07.21;5042,94
28.07.21;5388,67
29.07.21;5291,95
30.07.21;5296,83
02.08.21;5222,67
03.08.21;5066,53
04.08.21;5300,25
05.08.21;5429,71
06.08.21;5724,06
09.08.21;6134,01
10.08.21;6069,49
11.08.21;6195,33
12.08.21;5921,23
13.08.21;6197,87
16.08.21;6146,45
17.08.21;6061,63
18.08.21;5989,86
19.08.21;6227,47
20.08.21;6490,47
23.08.21;6566,89
24.08.21;6433,54
25.08.21;6487,94
26.08.21;6263,75
27.08.21;6443,85
30.08.21;6486,13
31.08.21;6306,08
01.09.21;6421,45
02.09.21;6579,68
03.09.21;6738,92
06.09.21;6900,36
07.09.21;6228,07
08.09.21;6193,86
09.09.21;6210,69
10.09.21;6086,33
13.09.21;5967,99
14.09.21;6198,26
15.09.21;6411,42
16.09.21;6324,89
17.09.21;6332,56
20.09.21;5846,72
21.09.21;5602,93
22.09.21;5791,61
23.09.21;5974,03
24.09.21;5654,61
27.09.21;5738,57
28.09.21;5546,66
29.09.21;5492,5
30.09.21;5803,89
01.10.21;6409,48
04.10.21;6586,47
05.10.21;6828,05
06.10.21;7344,53
07.10.21;7197,49
08.10.21;7293,32
11.10.21;7666,66
12.10.21;7374,5
13.10.21;7637,14
14.10.21;7716,71
15.10.21;8191,48
18.10.21;8190,59
19.10.21;8560,11
20.10.21;8855,37
21.10.21;8377,42
22.10.21;8134,67
25.10.21;8354,87
26.10.21;8264,24
27.10.21;7880,57
28.10.21;8174,37
29.10.21;8341,2
01.11.21;8200,65
02.11.21;8482,96
03.11.21;8378,32
04.11.21;8164,93
05.11.21;8152,15
08.11.21;8810
09.11.21;8982,89
10.11.21;8778
11.11.21;8643,5
12.11.21;8553,17
15.11.21;8521
16.11.21;7968,51
17.11.21;8058,24
18.11.21;7733,17
19.11.21;7712,21
22.11.21;7452,63
23.11.21;7716,01
24.11.21;7659,26
25.11.21;7853,58
26.11.21;7275,96
29.11.21;7746,25
30.11.21;7662,82
01.12.21;7573,51
02.12.21;7610,01
03.12.21;7132,67
06.12.21;6516,34
07.12.21;6729,69
08.12.21;6766,52
09.12.21;6358,48
10.12.21;6457
13.12.21;6221,44
14.12.21;6374,1
15.12.21;6564,41
16.12.21;6389,22
17.12.21;6157,05
20.12.21;6270,59
21.12.21;6481,15
22.12.21;6530,15
23.12.21;6793,79
24.12.21;6819,16
27.12.21;6834,53
28.12.21;6375,35
29.12.21;6314,21
30.12.21;6293,33
31.12.21;6115,71
03.01.22;6122,09
04.01.22;6167,49
05.01.22;5859,73
06.01.22;5761,95
07.01.22;5588,29
10.01.22;5564,21
11.01.22;5709,14
12.01.22;5845,37
13.01.22;5706,99
14.01.22;5750,11
17.01.22;5612,97
18.01.22;5572,87
19.01.22;5550,96
20.01.22;5696,7
21.01.22;5111,94
24.01.22;4986,67
25.01.22;4918,05
26.01.22;4946,07
27.01.22;4742,74
28.01.22;5036,37
31.01.22;5130,67
01.02.22;5136,56
02.02.22;5012,5
03.02.22;4848,48
04.02.22;5415,92
07.02.22;5888,13
08.02.22;5907,66
09.02.22;5974,73
10.02.22;5884,85
11.02.22;5647,81
14.02.22;5627,59
15.02.22;5889,63
16.02.22;5882,5
17.02.22;5451,87
18.02.22;5337,51
21.02.22;5101,37
22.02.22;5056,75
23.02.22;5026,13
24.02.22;5122,63
25.02.22;5218,07
28.02.22;5590,43
01.03.22;5883
02.03.22;5844,09
03.03.22;5600,28
04.03.22;5264,93
07.03.22;5011,15
08.03.22;5134,33
09.03.22;5579,59
10.03.22;5284,09
11.03.22;5114,7
14.03.22;5175,65
15.03.22;5300
16.03.22;5454,03
17.03.22;5454,19
18.03.22;5609,5
21.03.22;5492,86
22.03.22;5640,47
23.03.22;5630,91
24.03.22;5859,59
25.03.22;5928,9
28.03.22;6397,64
29.03.22;6365,03
30.03.22;6277,63
31.03.22;6079,41
01.04.22;6185,43
04.04.22;6126,76
05.04.22;6137,54
06.04.22;5832,57
07.04.22;5786,28
08.04.22;5698,96
11.04.22;5330,97
12.04.22;5240,46
13.04.22;5476,77
14.04.22;5304,47
15.04.22;5376,38
18.04.22;5424,44
19.04.22;5524,67
20.04.22;5494,32
21.04.22;5494,68
22.04.22;5266,03
25.04.22;5363,65
26.04.22;5102,67
27.04.22;5181,31
28.04.22;5331,84
29.04.22;5109,95
02.05.22;5138,95
03.05.22;5027,33
04.05.22;5313,17
05.05.22;4841,13
06.05.22;4799,48
09.05.22;4124,22
10.05.22;4175,63
11.05.22;3907,95
12.05.22;3807,9
13.05.22;4004,37
16.05.22;3938,35
17.05.22;4009,07
18.05.22;3896,88
19.05.22;3990,29
20.05.22;3901,2
23.05.22;3874,82
24.05.22;3915,13
25.05.22;3943,11
26.05.22;3914,15
27.05.22;3846,67
30.05.22;4083,04
31.05.22;4212,99
01.06.22;4012,19
02.06.22;4037,06
03.06.22;3938,32
06.06.22;4193,05
07.06.22;4138,23
08.06.22;4015,06
09.06.22;3998,6
10.06.22;3860,09
13.06.22;3085,9
14.06.22;2954,91
15.06.22;2878,83
16.06.22;2778,35
17.06.22;2732,55
20.06.22;2672,53
21.06.22;2782,18
22.06.22;2679,93
23.06.22;2785,61
24.06.22;2833,23
27.06.22;2778,16
28.06.22;2696,86
29.06.22;2693,69
30.06.22;2519,33
01.07.22;2581,95
04.07.22;2640,55
05.07.22;2717,7
06.07.22;2708,2
07.07.22;2910,75
08.07.22;2906,94
11.07.22;2731,35
12.07.22;2583,4
13.07.22;2617,89
14.07.22;2745,34
15.07.22;2821,29
18.07.22;2882,33
19.07.22;3121,51
20.07.22;3154,88
21.07.22;3093,87
22.07.22;3012,05
25.07.22;2918,53
26.07.22;2789,07
27.07.22;3037,73
28.07.22;3172,4
29.07.22;3187,33
01.08.22;3061,2
02.08.22;3060
03.08.22;3128,53
04.08.22;2992,67
05.08.22;3058,4
08.08.22;3191,6
09.08.22;3074,93
10.08.22;3152,4
11.08.22;3231,33
12.08.22;3225,2
15.08.22;3196,93
16.08.22;3192
17.08.22;3103,07
18.08.22;3112,8
19.08.22;2843,47
22.08.22;2806,8
23.08.22;2869,07
24.08.22;2894
25.08.22;2880
26.08.22;2752,4
29.08.22;2679,6
30.08.22;2659,6
31.08.22;2696,13
01.09.22;2648,8
02.09.22;2654,27
05.09.22;2627,73
06.09.22;2509,2
07.09.22;2532,8
08.09.22;2580,13
09.09.22;2839,07
12.09.22;2991,2
13.09.22;2704,53
14.09.22;2660,53
15.09.22;2637,47
16.09.22;2615,73
19.09.22;2602,13
20.09.22;2532,53
21.09.22;2534,93
22.09.22;2573,87
23.09.22;2508,53
26.09.22;2560,63
27.09.22;2543,79
28.09.22;2606,17
29.09.22;2587
30.09.22;2597,4
03.10.22;2605,93
04.10.22;2697,4
05.10.22;2682,89
06.10.22;2668,79
07.10.22;2595,07
10.10.22;2561,45
11.10.22;2532,69
12.10.22;2551,69
13.10.22;2583,32
14.10.22;2555,85
17.10.22;2603,61
18.10.22;2562,71
19.10.22;2564,5
20.10.22;2541,78
21.10.22;2559,22
24.10.22;2579,44
25.10.22;2704,22
26.10.22;2769,62
27.10.22;2751,01
28.10.22;2748,15
31.10.22;2715,68
01.11.22;2726,04
02.11.22;2699,77
03.11.22;2701,9
04.11.22;2814,61
07.11.22;2774,1
08.11.22;2425,07
09.11.22;2190,4
10.11.22;2406,34
11.11.22;2209,67
14.11.22;2166,01
15.11.22;2243,58
16.11.22;2208,36
17.11.22;2224,59
18.11.22;2214,99
21.11.22;2102,26
22.11.22;2148,45
23.11.22;2213,77
24.11.22;2207,14
25.11.22;2202,21
28.11.22;2166,95
29.11.22;2198,72
30.11.22;2279,97
01.12.22;2255,15
02.12.22;2270,63
05.12.22;2258,47
06.12.22;2265,37
07.12.22;2242,86
08.12.22;2294,99
09.12.22;2280,14
12.12.22;2283,36
13.12.22;2366,17
14.12.22;2368,96
15.12.22;2322,48
16.12.22;2249,55
19.12.22;2212,49
20.12.22;2247,99
21.12.22;2237,55
22.12.22;2237,25
23.12.22;2240,83
26.12.22;2245,16
27.12.22;2221,07
28.12.22;2211,53
29.12.22;2212,13
30.12.22;2208,16
02.01.23;2229,65
03.01.23;2220,72
04.01.23;2240,45
05.01.23;2247,24
06.01.23;2252,46
09.01.23;2295,73
10.01.23;2330,52
11.01.23;2340,14
12.01.23;2540,95
13.01.23;2597,26
16.01.23;2838,72
17.01.23;2852,73
18.01.23;2764,37
19.01.23;2814
20.01.23;2973,2
23.01.23;3070,7
24.01.23;3069,31
25.01.23;3059,07
26.01.23;3081,75
27.01.23;3081,66
30.01.23;3026,29
31.01.23;3079,23
01.02.23;3143,33
02.02.23;3184,36
03.02.23;3111,38
06.02.23;3067,79
07.02.23;3092,82
08.02.23;3044,35
09.02.23;2933,09
10.02.23;2896,71
13.02.23;2890,64
14.02.23;2968,54
15.02.23;3220,17
16.02.23;3276,29
17.02.23;3310,52
20.02.23;3306,97
21.02.23;3262,47
22.02.23;3173,56
23.02.23;3192,68
24.02.23;3095,22
27.02.23;3109,63
28.02.23;3103,28
01.03.23;3122,82
02.03.23;3129,06
03.03.23;2973,79
06.03.23;2979,93
07.03.23;2940,73
08.03.23;2946,32
09.03.23;2682,39
10.03.23;2662,9
13.03.23;3249,34
14.03.23;3350,56
15.03.23;3258,72
16.03.23;3336,91
17.03.23;3586,76
20.03.23;3717,23
21.03.23;3764,22
22.03.23;3565,54
23.03.23;3790,36
24.03.23;3713,84
27.03.23;3597,12
28.03.23;3657,55
29.03.23;3790,46
30.03.23;3732,13
31.03.23;3795,71
03.04.23;3745,3
04.04.23;3759,86
05.04.23;3766,82
06.04.23;3737,25
07.04.23;3722,86
10.04.23;3892,95
11.04.23;4021,65
12.04.23;3975,35
13.04.23;4049,73
14.04.23;4046
17.04.23;3931,09
18.04.23;4029,89
19.04.23;3898,37
20.04.23;3746,57
21.04.23;3635,25
24.04.23;3651,13
25.04.23;3681,64
26.04.23;3719,33
27.04.23;3959,22
28.04.23;3911,78
01.05.23;3711,07
02.05.23;3827,81
03.05.23;3777,43
04.05.23;3854,53
05.05.23;3945,26